stratum,value,class_id,class_name,precision,recall,tp,fp,fn
timeofday,dawn/dusk,0,person,0.8292682926829268,0.38636363636363635,34,7,54
timeofday,dawn/dusk,1,rider,0.5,0.2,1,1,4
timeofday,dawn/dusk,2,bike,1.0,0.2,1,0,4
timeofday,dawn/dusk,__all__,all,0.8181818181818182,0.3673469387755102,36,8,62
timeofday,daytime,0,person,0.6847826086956522,0.36468885672937773,252,116,439
timeofday,daytime,1,rider,0.6,0.45,9,6,11
timeofday,daytime,2,bike,0.5714285714285714,0.1702127659574468,8,6,39
timeofday,daytime,__all__,all,0.6775818639798489,0.3548812664907652,269,128,489
timeofday,night,0,person,0.625,0.2616279069767442,45,27,127
timeofday,night,1,rider,1.0,0.16666666666666666,2,0,10
timeofday,night,2,bike,1.0,0.06666666666666667,1,0,14
timeofday,night,__all__,all,0.64,0.24120603015075376,48,27,151
timeofday,undefined,0,person,1.0,0.5,2,0,2
timeofday,undefined,1,rider,0.0,0.0,0,0,0
timeofday,undefined,2,bike,0.0,0.0,0,0,0
timeofday,undefined,__all__,all,1.0,0.5,2,0,2
weather,clear,0,person,0.6645962732919255,0.327217125382263,107,54,220
weather,clear,1,rider,0.7142857142857143,0.2777777777777778,5,2,13
weather,clear,2,bike,1.0,0.2,4,0,16
weather,clear,__all__,all,0.6744186046511628,0.3178082191780822,116,56,249
weather,overcast,0,person,0.7555555555555555,0.3655913978494624,68,22,118
weather,overcast,1,rider,0.6666666666666666,0.4,2,1,3
weather,overcast,2,bike,0.3333333333333333,0.14285714285714285,2,4,12
weather,overcast,__all__,all,0.7272727272727273,0.35121951219512193,72,27,133
weather,partly cloudy,0,person,0.7727272727272727,0.3695652173913043,17,5,29
weather,partly cloudy,1,rider,0.0,0.0,0,1,2
weather,partly cloudy,2,bike,0.0,0.0,0,0,0
weather,partly cloudy,__all__,all,0.7391304347826086,0.3541666666666667,17,6,31
weather,rainy,0,person,0.8095238095238095,0.4473684210526316,17,4,21
weather,rainy,1,rider,1.0,1.0,1,0,0
weather,rainy,2,bike,0.0,0.0,0,0,0
weather,rainy,__all__,all,0.8181818181818182,0.46153846153846156,18,4,21
weather,snowy,0,person,0.5769230769230769,0.40540540540540543,30,22,44
weather,snowy,1,rider,0.0,0.0,0,0,1
weather,snowy,2,bike,0.0,0.0,0,0,2
weather,snowy,__all__,all,0.5769230769230769,0.38961038961038963,30,22,47
weather,undefined,0,person,0.6861313868613139,0.33098591549295775,94,43,190
weather,undefined,1,rider,0.5714285714285714,0.4,4,3,6
weather,undefined,2,bike,0.6666666666666666,0.12903225806451613,4,2,27
weather,undefined,__all__,all,0.68,0.31384615384615383,102,48,223
scene,city street,0,person,0.6898876404494382,0.35409457900807384,307,138,560
scene,city street,1,rider,0.7857142857142857,0.3235294117647059,11,3,23
scene,city street,2,bike,0.5454545454545454,0.13043478260869565,6,5,40
scene,city street,__all__,all,0.6893617021276596,0.34213305174234426,324,146,623
scene,highway,0,person,0.75,0.3157894736842105,6,2,13
scene,highway,1,rider,0.0,0.0,0,0,0
scene,highway,2,bike,0.0,0.0,0,0,0
scene,highway,__all__,all,0.75,0.3157894736842105,6,2,13
scene,parking lot,0,person,0.0,0.0,0,0,2
scene,parking lot,1,rider,0.0,0.0,0,0,0
scene,parking lot,2,bike,0.0,0.0,0,0,0
scene,parking lot,__all__,all,0.0,0.0,0,0,2
scene,residential,0,person,0.6428571428571429,0.2857142857142857,18,10,45
scene,residential,1,rider,0.2,0.3333333333333333,1,4,2
scene,residential,2,bike,0.8,0.19047619047619047,4,1,17
scene,residential,__all__,all,0.6052631578947368,0.26436781609195403,23,15,64
scene,undefined,0,person,1.0,0.5,2,0,2
scene,undefined,1,rider,0.0,0.0,0,0,0
scene,undefined,2,bike,0.0,0.0,0,0,0
scene,undefined,__all__,all,1.0,0.5,2,0,2
size_bucket,large,0,person,0.4910941475826972,0.6225806451612903,193,200,117
size_bucket,large,1,rider,0.631578947368421,0.5,12,7,12
size_bucket,large,2,bike,0.5625,0.1836734693877551,9,7,40
size_bucket,large,__all__,all,0.5,0.5587467362924282,214,214,169
size_bucket,medium,0,person,0.3034300791556728,0.3516819571865443,115,264,212
size_bucket,medium,1,rider,0.0,0.0,0,11,8
size_bucket,medium,2,bike,0.07142857142857142,0.09090909090909091,1,13,10
size_bucket,medium,__all__,all,0.2871287128712871,0.3352601156069364,116,288,230
size_bucket,small,0,person,0.08524590163934426,0.08176100628930817,26,279,292
size_bucket,small,1,rider,0.0,0.0,0,10,5
size_bucket,small,2,bike,0.0,0.0,0,12,7
size_bucket,small,__all__,all,0.07951070336391437,0.07878787878787878,26,301,304
