threshold,class_id,class_name,precision,recall,f1,tp,fp,fn
0.05,0,person,0.2905982905982906,0.6052356020942409,0.39266304347826086,578,1411,377
0.05,1,rider,0.2191780821917808,0.43243243243243246,0.2909090909090909,16,57,21
0.05,2,bike,0.1889763779527559,0.3582089552238806,0.24742268041237112,24,103,43
0.05,__all__,all,0.2823206943809959,0.5835694050991501,0.3805418719211823,618,1571,441
0.1,0,person,0.42086956521739133,0.506806282722513,0.45985748218527317,484,666,471
0.1,1,rider,0.3111111111111111,0.3783783783783784,0.34146341463414637,14,31,23
0.1,2,bike,0.2830188679245283,0.22388059701492538,0.25,15,38,52
0.1,__all__,all,0.4110576923076923,0.48441926345609065,0.44473342002600774,513,735,546
0.15,0,person,0.5154130702836005,0.437696335078534,0.47338618346545863,418,393,537
0.15,1,rider,0.4666666666666667,0.3783783783783784,0.417910447761194,14,16,23
0.15,2,bike,0.42424242424242425,0.208955223880597,0.27999999999999997,14,19,53
0.15,__all__,all,0.5102974828375286,0.421152030217186,0.46145887221934817,446,428,613
0.2,0,person,0.5996784565916399,0.39057591623036647,0.47305009511731133,373,249,582
0.2,1,rider,0.52,0.35135135135135137,0.4193548387096775,13,12,24
0.2,2,bike,0.5789473684210527,0.16417910447761194,0.2558139534883721,11,8,56
0.2,__all__,all,0.5960960960960962,0.37488196411709157,0.4602898550724638,397,269,662
0.25,0,person,0.6894409937888198,0.3486910994764398,0.4631432545201669,333,150,622
0.25,1,rider,0.631578947368421,0.32432432432432434,0.42857142857142855,12,7,25
0.25,2,bike,0.625,0.14925373134328357,0.24096385542168672,10,6,57
0.25,__all__,all,0.6853281853281853,0.3352219074598678,0.45022194039315155,355,163,704
0.3,0,person,0.7391304347826086,0.30261780104712044,0.4294205052005943,289,102,666
0.3,1,rider,0.6666666666666666,0.32432432432432434,0.4363636363636364,12,6,25
0.3,2,bike,0.6,0.04477611940298507,0.08333333333333333,3,2,64
0.3,__all__,all,0.7342995169082126,0.2870632672332389,0.41276306856754924,304,110,755
0.4,0,person,0.8125,0.23141361256544501,0.3602281988590057,221,51,734
0.4,1,rider,0.6666666666666666,0.2702702702702703,0.3846153846153846,10,5,27
0.4,2,bike,1.0,0.04477611940298507,0.08571428571428572,3,0,64
0.4,__all__,all,0.8068965517241379,0.22096317280453256,0.3469236471460341,234,56,825
0.5,0,person,0.84,0.17591623036649215,0.2909090909090909,168,32,787
0.5,1,rider,0.6666666666666666,0.21621621621621623,0.326530612244898,8,4,29
0.5,2,bike,0.0,0.0,0.0,0,0,67
0.5,__all__,all,0.8301886792452831,0.16619452313503305,0.27694728560188825,176,36,883
0.6,0,person,0.9015151515151515,0.12460732984293194,0.21895124195032198,119,13,836
0.6,1,rider,0.7,0.1891891891891892,0.2978723404255319,7,3,30
0.6,2,bike,0.0,0.0,0.0,0,0,67
0.6,__all__,all,0.8873239436619719,0.11898016997167139,0.20982514571190675,126,16,933
0.7,0,person,0.9473684210526315,0.09424083769633508,0.1714285714285714,90,5,865
0.7,1,rider,0.75,0.16216216216216217,0.26666666666666666,6,2,31
0.7,2,bike,0.0,0.0,0.0,0,0,67
0.7,__all__,all,0.9320388349514563,0.0906515580736544,0.16523235800344233,96,7,963
